"country","iso2","iso3","iso_numeric","g_whoregion","year","caseb_err_nat","hcw_tb_infected","hcw_tot","ident_pris","newrel_prisoners","plhiv_all_screen_data_available","plhiv_all","plhiv_all_screen","plhiv_new_screen_data_available","plhiv_new","plhiv_new_screen","prisoners_screen_data_available","prisoners","prisoners_screen","miners_screen_data_available","miners","miners_screen","district_description","district","district_cxr","district_wrd","phcf","phcf_wrd","presumptive","wrd_test_capacity","m_wrd_error_rate_lte_5pct","presumptive_wrd","district_monitor_pos_rate","m_wrd_tat_lt_48h"
"Afghanistan","AF","AFG","004","EMR",2022,0,,,,,,,,,,,,,,,,,"",,,,,,,,,,,
"Afghanistan","AF","AFG","004","EMR",2023,0,,,1,131,,,,,,,,,,,,,"",,,,,,,,,,,
"Afghanistan","AF","AFG","004","EMR",2024,0,,,1,139,,,,,,,,,,,,,"",,,,,,,,,,,
"Albania","AL","ALB","008","EUR",2022,42,,,1,1,,,,,,,,,,,,,"",,,,,,,,,,,
"Albania","AL","ALB","008","EUR",2023,42,,,1,1,,,,,,,,,,,,,"",,,,,,,,,,,
"Albania","AL","ALB","008","EUR",2024,42,,,1,2,,,,,,,,,,,,,"",,,,,,,,,,,
"Algeria","DZ","DZA","012","AFR",2022,44,,,,,,,,,,,,,,,,,"",,,,,,,,,,,
"Algeria","DZ","DZA","012","AFR",2023,42,167,,0,,,,,,,,,,,,,,"",,,,,,,,,,,
"Algeria","DZ","DZA","012","AFR",2024,44,,,,,,,,,,,,,,,,,"",,,,,,,,,,,
"American Samoa","AS","ASM","016","WPR",2022,,,,,,,,,,,,,,,,,,"",,,,,,,,,,,
"American Samoa","AS","ASM","016","WPR",2023,,,,,,,,,,,,,,,,,,"",,,,,,,,,,,
"American Samoa","AS","ASM","016","WPR",2024,,,,,,,,,,,,,,,,,,"",,,,,,,,,,,
"Andorra","AD","AND","020","EUR",2022,42,,,1,0,,,,,,,,,,,,,"",,,,,,,,,,,
"Andorra","AD","AND","020","EUR",2023,42,,,1,0,,,,,,,,,,,,,"",,,,,,,,,,,
"Andorra","AD","AND","020","EUR",2024,,,,,,,,,,,,,,,,,,"",,,,,,,,,,,
"Angola","AO","AGO","024","AFR",2022,0,101,94848,,,,,,,,,,,,,,,"",,,,,,,,,,,
"Angola","AO","AGO","024","AFR",2023,0,791,94848,1,546,0,,,0,,,1,24320,608,0,,,"Municipio",164,157,157,2822,165,98768,10345,61,608,157,61
"Angola","AO","AGO","024","AFR",2024,0,213,94848,1,830,0,,,0,,,1,23320,830,0,,,"Município",164,157,157,2822,165,87150,12820,67,1097,157,61
"Anguilla","AI","AIA","660","AMR",2022,42,,,,0,,,,,,,,,,,,,"",,,,,,,,,,,
"Anguilla","AI","AIA","660","AMR",2023,,,,,,,,,,,,,,,,,,"",,,,,,,,,,,
"Anguilla","AI","AIA","660","AMR",2024,,,,,,,,,,,,,,,,,,"",,,,,,,,,,,
"Antigua and Barbuda","AG","ATG","028","AMR",2022,42,,,,0,,,,,,,,,,,,,"",,,,,,,,,,,
"Antigua and Barbuda","AG","ATG","028","AMR",2023,42,,,1,0,,,,,,,,,,,,,"",,,,,,,,,,,
"Antigua and Barbuda","AG","ATG","028","AMR",2024,0,,,0,,,,,,,,,,,,,,"",,,,,,,,,,,
"Argentina","AR","ARG","032","AMR",2022,42,21,996000,,486,,,,,,,,,,,,,"",,,,,,,,,,,
"Argentina","AR","ARG","032","AMR",2023,42,30,996000,1,591,0,,,0,,,0,,,0,,,"Provincia",24,24,13,,,65000,57000,21,20020,,8
"Argentina","AR","ARG","032","AMR",2024,42,30,996000,1,548,0,,,0,,,0,,,0,,,"Provincia",24,24,24,,,62779,55500,10,25900,7,18
"Armenia","AM","ARM","051","EUR",2022,42,,,1,2,,,,,,,,,,,,,"",,,,,,,,,,,
"Armenia","AM","ARM","051","EUR",2023,42,,,1,2,,,,,,,,,,,,,"",,,,,,,,,,,
"Armenia","AM","ARM","051","EUR",2024,42,,,1,1,,,,,,,,,,,,,"",,,,,,,,,,,
"Aruba","AW","ABW","533","AMR",2022,42,,,,,,,,,,,,,,,,,"",,,,,,,,,,,
"Aruba","AW","ABW","533","AMR",2023,,,,,,,,,,,,,,,,,,"",,,,,,,,,,,
"Aruba","AW","ABW","533","AMR",2024,42,,,1,5,,,,,,,,,,,,,"",,,,,,,,,,,
"Australia","AU","AUS","036","WPR",2022,42,,,,,,,,,,,,,,,,,"",,,,,,,,,,,
"Australia","AU","AUS","036","WPR",2023,42,,,1,9,,,,,,,,,,,,,"",,,,,,,,,,,
"Australia","AU","AUS","036","WPR",2024,42,,,1,10,,,,,,,,,,,,,"",,,,,,,,,,,
"Austria","AT","AUT","040","EUR",2022,,,,,,,,,,,,,,,,,,"",,,,,,,,,,,
"Austria","AT","AUT","040","EUR",2023,,,,,,,,,,,,,,,,,,"",,,,,,,,,,,
"Austria","AT","AUT","040","EUR",2024,,,,,,,,,,,,,,,,,,"",,,,,,,,,,,
"Azerbaijan","AZ","AZE","031","EUR",2022,42,,,1,158,,,,,,,,,,,,,"",,,,,,,,,,,
"Azerbaijan","AZ","AZE","031","EUR",2023,44,0,,1,162,1,7452,7452,1,863,863,1,26072,26072,0,,,"Region (rayon)",68,68,68,2834,2834,19026,40158,16,19026,,
"Azerbaijan","AZ","AZE","031","EUR",2024,44,,,1,160,1,8536,8401,1,1179,1179,0,,,0,,,"Region (rayon)",68,68,13,2834,2834,,,,,,
"Bahamas","BS","BHS","044","AMR",2022,42,,,,0,,,,,,,,,,,,,"",,,,,,,,,,,
"Bahamas","BS","BHS","044","AMR",2023,42,,,1,2,,,,,,,,,,,,,"",,,,,,,,,,,
"Bahamas","BS","BHS","044","AMR",2024,44,,,1,2,,,,,,,,,,,,,"",,,,,,,,,,,
"Bahrain","BH","BHR","048","EMR",2022,42,,,,,,,,,,,,,,,,,"",,,,,,,,,,,
"Bahrain","BH","BHR","048","EMR",2023,42,,,1,5,,,,,,,,,,,,,"",,,,,,,,,,,
"Bahrain","BH","BHR","048","EMR",2024,42,,,1,1,,,,,,,,,,,,,"",,,,,,,,,,,
"Bangladesh","BD","BGD","050","SEA",2022,44,,,,,,,,,,,,,,,,,"",,,,,,,,,,,
"Bangladesh","BD","BGD","050","SEA",2023,42,,,1,378,1,6703,5931,1,1276,1276,1,84851,6832,0,,,"Upazila>District>Division>National",64,64,64,16247,16247,3889358,1548288,196,761019,64,
"Bangladesh","BD","BGD","050","SEA",2024,42,,,1,398,1,12422,7772,1,1438,1323,1,77203,6765,0,,,"District",64,64,64,16037,16037,2993146,2451200,510,1711954,64,
"Barbados","BB","BRB","052","AMR",2022,,,,,,,,,,,,,,,,,,"",,,,,,,,,,,
"Barbados","BB","BRB","052","AMR",2023,42,,,0,,,,,,,,,,,,,,"",,,,,,,,,,,
"Barbados","BB","BRB","052","AMR",2024,,,,,,,,,,,,,,,,,,"",,,,,,,,,,,
"Belarus","BY","BLR","112","EUR",2022,42,30,183239,1,35,,,,,,,,,,,,,"",,,,,,,,,,,
"Belarus","BY","BLR","112","EUR",2023,42,22,180000,1,31,0,,,0,,,0,,,0,,,"район",118,118,118,,,,,40,,43,43
"Belarus","BY","BLR","112","EUR",2024,42,26,180000,1,21,0,,,0,,,0,,,0,,,"район",118,118,118,,,,41707,42,,,
"Belgium","BE","BEL","056","EUR",2022,42,,,1,6,,,,,,,,,,,,,"",,,,,,,,,,,
"Belgium","BE","BEL","056","EUR",2023,42,,,1,,,,,,,,,,,,,,"",,,,,,,,,,,
"Belgium","BE","BEL","056","EUR",2024,42,,,1,,,,,,,,,,,,,,"",,,,,,,,,,,
"Belize","BZ","BLZ","084","AMR",2022,42,,,,7,,,,,,,,,,,,,"",,,,,,,,,,,
"Belize","BZ","BLZ","084","AMR",2023,42,,,1,3,1,,,1,,,0,,,0,,,"district",6,,,,,,,,,6,7
"Belize","BZ","BLZ","084","AMR",2024,42,,,1,2,1,1919,,1,230,230,0,,,0,,,"district",6,6,,,,,,,,,
"Benin","BJ","BEN","204","AFR",2022,0,,,,,,,,,,,,,,,,,"",,,,,,,,,,,
"Benin","BJ","BEN","204","AFR",2023,0,,,1,94,,,,,,,,,,,,,"",,,,,,,,,,,
"Benin","BJ","BEN","204","AFR",2024,0,,,1,48,,,,,,,,,,,,,"",,,,,,,,,,,
"Bermuda","BM","BMU","060","AMR",2022,42,,,,0,,,,,,,,,,,,,"",,,,,,,,,,,
"Bermuda","BM","BMU","060","AMR",2023,42,,,1,0,,,,,,,,,,,,,"",,,,,,,,,,,
"Bermuda","BM","BMU","060","AMR",2024,,,,,,,,,,,,,,,,,,"",,,,,,,,,,,
"Bhutan","BT","BTN","064","SEA",2022,42,8,2896,,,,,,,,,,,,,,,"",,,,,,,,,,,
"Bhutan","BT","BTN","064","SEA",2023,42,3,3100,0,,,,,,,,,,,,,,"",,,,,,,,,,,
"Bhutan","BT","BTN","064","SEA",2024,42,,,1,14,,,,,,,,,,,,,"",,,,,,,,,,,
"Bolivia (Plurinational State of)","BO","BOL","068","AMR",2022,43,78,,,415,,,,,,,,,,,,,"",,,,,,,,,,,
"Bolivia (Plurinational State of)","BO","BOL","068","AMR",2023,43,96,,1,612,1,,,,,,1,27393,2075,0,,,"Coordinación de Red de Salud",110,,,,,,,,,,
"Bolivia (Plurinational State of)","BO","BOL","068","AMR",2024,43,88,,1,907,1,44485,14056,0,,,0,,,0,,,"Coordinacion de Red de Salud",118,0,0,,,,,,,,
"Bosnia and Herzegovina","BA","BIH","070","EUR",2022,42,0,,,,,,,,,,,,,,,,"",,,,,,,,,,,
"Bosnia and Herzegovina","BA","BIH","070","EUR",2023,42,,,0,,,,,,,,,,,,,,"",,,,,,,,,,,
"Bosnia and Herzegovina","BA","BIH","070","EUR",2024,42,,,1,1,,,,,,,,,,,,,"",,,,,,,,,,,
"Botswana","BW","BWA","072","AFR",2022,42,,,,,,,,,,,,,,,,,"",,,,,,,,,,,
"Botswana","BW","BWA","072","AFR",2023,42,8,,0,,,,,,,,,,,,,,"",,,,,,,,,,,
"Botswana","BW","BWA","072","AFR",2024,42,10,,1,3,,,,,,,,,,,,,"",,,,,,,,,,,
"Brazil","BR","BRA","076","AMR",2022,42,1255,,,8704,,,,,,,,,,,,,"",,,,,,,,,,,
"Brazil","BR","BRA","076","AMR",2023,42,1320,,1,9147,0,,,0,,,0,,,0,,,"Municipality",5570,,5570,56275,,,1251840,16,,,
"Brazil","BR","BRA","076","AMR",2024,42,1449,,1,8236,0,,,0,,,0,,,0,,,"Municipality",5570,,5570,57062,,,,,,,
"British Virgin Islands","VG","VGB","092","AMR",2022,,,,,,,,,,,,,,,,,,"",,,,,,,,,,,
"British Virgin Islands","VG","VGB","092","AMR",2023,42,,,1,0,,,,,,,,,,,,,"",,,,,,,,,,,
"British Virgin Islands","VG","VGB","092","AMR",2024,,,,,,,,,,,,,,,,,,"",,,,,,,,,,,
"Brunei Darussalam","BN","BRN","096","WPR",2022,42,3,,,,,,,,,,,,,,,,"",,,,,,,,,,,
"Brunei Darussalam","BN","BRN","096","WPR",2023,42,3,,1,1,,,,,,,,,,,,,"",,,,,,,,,,,
"Brunei Darussalam","BN","BRN","096","WPR",2024,0,5,,1,0,,,,,,,,,,,,,"",,,,,,,,,,,
"Bulgaria","BG","BGR","100","EUR",2022,42,,,1,8,,,,,,,,,,,,,"",,,,,,,,,,,
"Bulgaria","BG","BGR","100","EUR",2023,42,,,1,3,,,,,,,,,,,,,"",,,,,,,,,,,
"Bulgaria","BG","BGR","100","EUR",2024,42,,,1,3,,,,,,,,,,,,,"",,,,,,,,,,,
"Burkina Faso","BF","BFA","854","AFR",2022,0,59,28622,,,,,,,,,,,,,,,"",,,,,,,,,,,
"Burkina Faso","BF","BFA","854","AFR",2023,44,38,,1,72,,,,,,,,,,,,,"",,,,,,,,,,,
"Burkina Faso","BF","BFA","854","AFR",2024,0,,,1,91,,,,,,,,,,,,,"",,,,,,,,,,,
"Burundi","BI","BDI","108","AFR",2022,42,,,,,,,,,,,,,,,,,"",,,,,,,,,,,
"Burundi","BI","BDI","108","AFR",2023,42,,,1,27,,,,,,,,,,,,,"",,,,,,,,,,,
"Burundi","BI","BDI","108","AFR",2024,42,,,1,14,,,,,,,,,,,,,"",,,,,,,,,,,
"Cabo Verde","CV","CPV","132","AFR",2022,0,0,3675,,,,,,,,,,,,,,,"",,,,,,,,,,,
"Cabo Verde","CV","CPV","132","AFR",2023,42,0,4289,0,,,,,,,,,,,,,,"",,,,,,,,,,,
"Cabo Verde","CV","CPV","132","AFR",2024,0,,,0,,,,,,,,,,,,,,"",,,,,,,,,,,
"Cambodia","KH","KHM","116","WPR",2022,42,,,,,,,,,,,,,,,,,"",,,,,,,,,,,
"Cambodia","KH","KHM","116","WPR",2023,42,,,1,149,0,,,0,,,1,,1133,0,,,"Operational District (OD)",103,95,,,,,,,,,
"Cambodia","KH","KHM","116","WPR",2024,44,,,1,371,,,,,,,,,,,,,"Operational District (OD)",103,90,99,,,,,,,103,
"Cameroon","CM","CMR","120","AFR",2022,44,75,58744,,,,,,,,,,,,,,,"",,,,,,,,,,,
"Cameroon","CM","CMR","120","AFR",2023,44,95,74660,1,716,,,,,,,,,,,,,"",,,,,,,,,,,
"Cameroon","CM","CMR","120","AFR",2024,44,134,74660,1,665,,,,,,,,,,,,,"",,,,,,,,,,,
"Canada","CA","CAN","124","AMR",2022,42,,,,7,,,,,,,,,,,,,"",,,,,,,,,,,
"Canada","CA","CAN","124","AMR",2023,42,,,1,12,,,,,,,,,,,,,"",,,,,,,,,,,
"Canada","CA","CAN","124","AMR",2024,42,,,0,,,,,,,,,,,,,,"",,,,,,,,,,,
"Cayman Islands","KY","CYM","136","AMR",2022,44,,,,0,,,,,,,,,,,,,"",,,,,,,,,,,
"Cayman Islands","KY","CYM","136","AMR",2023,0,,,1,0,,,,,,,,,,,,,"",,,,,,,,,,,
"Cayman Islands","KY","CYM","136","AMR",2024,,,,,,,,,,,,,,,,,,"",,,,,,,,,,,
"Central African Republic","CF","CAF","140","AFR",2022,0,2,2998,,,,,,,,,,,,,,,"",,,,,,,,,,,
"Central African Republic","CF","CAF","140","AFR",2023,44,1,3300,1,106,0,,,1,7400,2378,1,1650,1300,0,,,"Distric sanitaire",35,3,35,1024,21,147820,10340,43,10340,22,43
"Central African Republic","CF","CAF","140","AFR",2024,44,,,1,254,0,,,1,8269,2828,1,2678,254,0,,,"district",35,5,35,1024,42,19137,14276,42,3569,35,35
"Chad","TD","TCD","148","AFR",2022,43,0,,,,,,,,,,,,,,,,"",,,,,,,,,,,
"Chad","TD","TCD","148","AFR",2023,43,0,879,1,175,,,,,,,,,,,,,"",,,,,,,,,,,
"Chad","TD","TCD","148","AFR",2024,42,,,1,192,,,,,,,,,,,,,"",,,,,,,,,,,
"Chile","CL","CHL","152","AMR",2022,42,25,470000,,62,,,,,,,,,,,,,"",,,,,,,,,,,
"Chile","CL","CHL","152","AMR",2023,42,32,470000,1,173,0,,,0,,,0,,,0,,,"Servicio de Salud",29,0,,2070,1800,117708,242048,53,82211,,55
"Chile","CL","CHL","152","AMR",2024,42,,,1,226,0,,,0,,,1,3466,2337,1,,481,"Servicios de salud ",29,0,26,3193,3122,82616,75793,47,82616,29,56
"China","CN","CHN","156","WPR",2022,42,3253,13985363,,,,,,,,,,,,,,,"",,,,,,,,,,,
"China","CN","CHN","156","WPR",2023,42,2568,14410844,0,,0,,,1,,,0,,,0,,,"district",2852,2852,,,,,,,,,
"China","CN","CHN","156","WPR",2024,42,2424,15237463,0,,1,1321458,1246274,1,97009,91714,0,,,0,,,"county",2844,2844,2844,658114,,,,,,,
"China, Hong Kong SAR","HK","HKG","344","WPR",2022,42,,,,,,,,,,,,,,,,,"",,,,,,,,,,,
"China, Hong Kong SAR","HK","HKG","344","WPR",2023,42,,,1,14,,,,,,,,,,,,,"",,,,,,,,,,,
"China, Hong Kong SAR","HK","HKG","344","WPR",2024,42,,,1,23,,,,,,,,,,,,,"",,,,,,,,,,,
"China, Macao SAR","MO","MAC","446","WPR",2022,42,,,,,,,,,,,,,,,,,"",,,,,,,,,,,
"China, Macao SAR","MO","MAC","446","WPR",2023,42,,,1,3,,,,,,,,,,,,,"",,,,,,,,,,,
"China, Macao SAR","MO","MAC","446","WPR",2024,42,,,1,1,,,,,,,,,,,,,"",,,,,,,,,,,
"Colombia","CO","COL","170","AMR",2022,42,284,699000,,1241,,,,,,,,,,,,,"",,,,,,,,,,,
"Colombia","CO","COL","170","AMR",2023,42,276,725000,1,1285,0,,,1,21240,21200,1,101622,15500,0,,,"Departamento y Distrito",38,36,38,,,260837,93595,,93595,35,85
"Colombia","CO","COL","170","AMR",2024,42,312,989863,1,1825,0,,,0,,,0,,,0,,,"Departamentos (32)  y Distritos (6)",38,38,38,12588,12000,357724,119656,116,119656,35,86
"Comoros","KM","COM","174","AFR",2022,,,,,,,,,,,,,,,,,,"",,,,,,,,,,,
"Comoros","KM","COM","174","AFR",2023,44,,,0,,,,,,,,,,,,,,"",,,,,,,,,,,
"Comoros","KM","COM","174","AFR",2024,42,,,1,0,,,,,,,,,,,,,"",,,,,,,,,,,
"Congo","CG","COG","178","AFR",2022,0,,,,,,,,,,,,,,,,,"",,,,,,,,,,,
"Congo","CG","COG","178","AFR",2023,0,,,1,6,1,38098,10353,1,4183,2011,1,1388,50,0,,,"District sanitaire",52,20,52,344,38,25609,19215,15,19215,10,22
"Congo","CG","COG","178","AFR",2024,0,,,1,5,1,44049,7520,1,4173,3173,1,3010,301,0,,,"District sanitaire",52,52,,,,,,,,,
"Cook Islands","CK","COK","184","WPR",2022,42,,,,,,,,,,,,,,,,,"",,,,,,,,,,,
"Cook Islands","CK","COK","184","WPR",2023,42,,,1,0,,,,,,,,,,,,,"",,,,,,,,,,,
"Cook Islands","CK","COK","184","WPR",2024,,,,,,,,,,,,,,,,,,"",,,,,,,,,,,
"Costa Rica","CR","CRI","188","AMR",2022,0,0,90072,,57,,,,,,,,,,,,,"",,,,,,,,,,,
"Costa Rica","CR","CRI","188","AMR",2023,42,4,97300,1,28,0,,,0,,,1,15120,1002,0,,,"cantones",82,0,82,104,104,,8000,29,,82,
"Costa Rica","CR","CRI","188","AMR",2024,42,1,97300,1,37,0,,,0,,,1,23051,873,0,,,"Areas de Salud",103,0,103,103,24,30382,57600,37,6670,,37
"Côte d'Ivoire","CI","CIV","384","AFR",2022,0,93,,,,,,,,,,,,,,,,"",,,,,,,,,,,
"Côte d'Ivoire","CI","CIV","384","AFR",2023,44,77,,1,319,,,,,,,,,,,,,"",,,,,,,,,,,
"Côte d'Ivoire","CI","CIV","384","AFR",2024,0,107,,1,367,,,,,,,,,,,,,"",,,,,,,,,,,
"Croatia","HR","HRV","191","EUR",2022,,,,,,,,,,,,,,,,,,"",,,,,,,,,,,
"Croatia","HR","HRV","191","EUR",2023,,,,,,,,,,,,,,,,,,"",,,,,,,,,,,
"Croatia","HR","HRV","191","EUR",2024,42,,,,,,,,,,,,,,,,,"",,,,,,,,,,,
"Cuba","CU","CUB","192","AMR",2022,42,14,510781,,122,,,,,,,,,,,,,"",,,,,,,,,,,
"Cuba","CU","CUB","192","AMR",2023,42,26,464118,1,93,1,32769,623,1,1942,,1,,1225,0,,,"municipio",168,,,,,,,,,,
"Cuba","CU","CUB","192","AMR",2024,42,19,390279,1,272,1,28804,11589,1,1804,1804,1,90000,1341,0,,,"municipio",168,165,168,451,451,99540,26208,14,666,14,14
"Curaçao","CW","CUW","531","AMR",2022,42,,,,,,,,,,,,,,,,,"",,,,,,,,,,,
"Curaçao","CW","CUW","531","AMR",2023,,,,,,,,,,,,,,,,,,"",,,,,,,,,,,
"Curaçao","CW","CUW","531","AMR",2024,,,,,,,,,,,,,,,,,,"",,,,,,,,,,,
"Cyprus","CY","CYP","196","EUR",2022,,,,,,,,,,,,,,,,,,"",,,,,,,,,,,
"Cyprus","CY","CYP","196","EUR",2023,,,,,,,,,,,,,,,,,,"",,,,,,,,,,,
"Cyprus","CY","CYP","196","EUR",2024,,,,,,,,,,,,,,,,,,"",,,,,,,,,,,
"Czechia","CZ","CZE","203","EUR",2022,42,,,1,13,,,,,,,,,,,,,"",,,,,,,,,,,
"Czechia","CZ","CZE","203","EUR",2023,42,,,1,9,,,,,,,,,,,,,"",,,,,,,,,,,
"Czechia","CZ","CZE","203","EUR",2024,42,,,1,9,,,,,,,,,,,,,"",,,,,,,,,,,
"Democratic People's Republic of Korea","KP","PRK","408","SEA",2022,42,,,,,,,,,,,,,,,,,"",,,,,,,,,,,
"Democratic People's Republic of Korea","KP","PRK","408","SEA",2023,42,,,,,0,,,0,,,0,,,0,,,"City/county/district",212,212,,,,,,,,,
"Democratic People's Republic of Korea","KP","PRK","408","SEA",2024,42,,,,,0,,,0,,,,,,,,,"City (District), County",209,209,0,7237,0,389535,0,0,0,,
"Democratic Republic of the Congo","CD","COD","180","AFR",2022,0,19,,,,,,,,,,,,,,,,"",,,,,,,,,,,
"Democratic Republic of the Congo","CD","COD","180","AFR",2023,0,4,,1,2511,1,444592,16002,1,83436,16002,1,35109,2511,0,,,"Zone de Santé",519,82,301,16032,232,905157,668160,138,136039,232,120
"Democratic Republic of the Congo","CD","COD","180","AFR",2024,0,304,261555,1,2710,0,,,0,,,1,44536,2710,0,,,"Zone de Santé",519,81,293,24699,1143,1025246,897072,179,240095,293,204
"Denmark","DK","DNK","208","EUR",2022,,,,,,,,,,,,,,,,,,"",,,,,,,,,,,
"Denmark","DK","DNK","208","EUR",2023,,,,,,,,,,,,,,,,,,"",,,,,,,,,,,
"Denmark","DK","DNK","208","EUR",2024,,,,,,,,,,,,,,,,,,"",,,,,,,,,,,
"Djibouti","DJ","DJI","262","EMR",2022,,,,,,,,,,,,,,,,,,"",,,,,,,,,,,
"Djibouti","DJ","DJI","262","EMR",2023,,,,,,,,,,,,,,,,,,"",,,,,,,,,,,
"Djibouti","DJ","DJI","262","EMR",2024,,,,,,,,,,,,,,,,,,"",,,,,,,,,,,
"Dominica","DM","DMA","212","AMR",2022,42,,,,0,,,,,,,,,,,,,"",,,,,,,,,,,
"Dominica","DM","DMA","212","AMR",2023,0,,,0,,,,,,,,,,,,,,"",,,,,,,,,,,
"Dominica","DM","DMA","212","AMR",2024,42,,,0,,,,,,,,,,,,,,"",,,,,,,,,,,
"Dominican Republic","DO","DOM","214","AMR",2022,42,74,,,515,,,,,,,,,,,,,"",,,,,,,,,,,
"Dominican Republic","DO","DOM","214","AMR",2023,42,72,,1,433,1,10649,3676,1,2222,1878,1,27300,3105,0,,,"Direcciones Provinciales o de Areas Salud DPS/DAS",40,40,40,1600,1600,35010,2,32,30904,40,30
"Dominican Republic","DO","DOM","214","AMR",2024,42,113,,1,511,1,78194,6722,1,7813,6722,1,25143,,0,,,"Direcciones Provincial y de Areas de Salud ",40,40,,,,,,,,,
"Ecuador","EC","ECU","218","AMR",2022,0,19,84000,,918,,,,,,,,,,,,,"",,,,,,,,,,,
"Ecuador","EC","ECU","218","AMR",2023,44,24,91722,1,695,1,37023,8107,1,4126,2408,1,32737,6214,0,,,"Distrito",99,1,0,1962,1929,75686,279360,42,29949,99,35
"Ecuador","EC","ECU","218","AMR",2024,44,34,97000,1,1559,1,67942,5583,1,5478,1394,1,33429,13612,1,4883,1478,"Distrito",140,2,140,1924,1924,56455,132250,75,,140,81
"Egypt","EG","EGY","818","EMR",2022,42,0,602100,,,,,,,,,,,,,,,"",,,,,,,,,,,
"Egypt","EG","EGY","818","EMR",2023,44,0,602500,1,440,,,,,,,,,,,,,"",,,,,,,,,,,
"Egypt","EG","EGY","818","EMR",2024,44,,,1,395,,,,,,,,,,,,,"",,,,,,,,,,,
"El Salvador","SV","SLV","222","AMR",2022,44,22,,,1017,,,,,,,,,,,,,"",,,,,,,,,,,
"El Salvador","SV","SLV","222","AMR",2023,44,22,,1,,1,20589,11780,1,949,717,,,,0,,,"Sistema Básico de Salud Integral (SIBASI)",17,10,17,727,727,83518,100000,15,27725,17,13
"El Salvador","SV","SLV","222","AMR",2024,44,42,,,,1,21084,11362,1,917,808,,,,0,,,"Sistema Básico de Salud Integral (SIBASI)",17,10,17,731,731,89488,100000,16,65965,17,13
"Equatorial Guinea","GQ","GNQ","226","AFR",2022,44,,,,,,,,,,,,,,,,,"",,,,,,,,,,,
"Equatorial Guinea","GQ","GNQ","226","AFR",2023,44,,,1,77,,,,,,,,,,,,,"",,,,,,,,,,,
"Equatorial Guinea","GQ","GNQ","226","AFR",2024,44,,,1,64,,,,,,,,,,,,,"",,,,,,,,,,,
"Eritrea","ER","ERI","232","AFR",2022,0,8,9890,,,,,,,,,,,,,,,"",,,,,,,,,,,
"Eritrea","ER","ERI","232","AFR",2023,0,10,9518,1,223,,,,,,,,,,,,,"",,,,,,,,,,,
"Eritrea","ER","ERI","232","AFR",2024,0,4,10987,1,16,,,,,,,,,,,,,"",,,,,,,,,,,
"Estonia","EE","EST","233","EUR",2022,42,1,37419,1,3,,,,,,,,,,,,,"",,,,,,,,,,,
"Estonia","EE","EST","233","EUR",2023,42,2,38017,1,2,,,,,,,,,,,,,"",,,,,,,,,,,
"Estonia","EE","EST","233","EUR",2024,42,3,27095,1,0,,,,,,,,,,,,,"",,,,,,,,,,,
"Eswatini","SZ","SWZ","748","AFR",2022,44,5,3800,,,,,,,,,,,,,,,"",,,,,,,,,,,
"Eswatini","SZ","SWZ","748","AFR",2023,42,7,4800,1,11,,,,,,,,,,,,,"",,,,,,,,,,,
"Eswatini","SZ","SWZ","748","AFR",2024,44,7,4800,1,21,,,,,,,,,,,,,"",,,,,,,,,,,
"Ethiopia","ET","ETH","231","AFR",2022,43,,,,,,,,,,,,,,,,,"",,,,,,,,,,,
"Ethiopia","ET","ETH","231","AFR",2023,43,737,,1,1124,1,516571,213184,1,35526,35526,0,,,0,,,"Woreda",1057,,740,4554,3188,1273950,895500,275,500265,1057,407
"Ethiopia","ET","ETH","231","AFR",2024,0,1052,,1,1643,1,517488,517488,1,37506,37506,0,,,0,,,"Woreda",1100,,1100,4280,4280,1504200,1208250,619,698461,,306
"Fiji","FJ","FJI","242","WPR",2022,44,0,5764,,,,,,,,,,,,,,,"",,,,,,,,,,,
"Fiji","FJ","FJI","242","WPR",2023,44,1,,1,2,,,,,,,,,,,,,"",,,,,,,,,,,
"Fiji","FJ","FJI","242","WPR",2024,0,,,1,5,,,,,,,,,,,,,"",,,,,,,,,,,
"Finland","FI","FIN","246","EUR",2022,42,,,0,,,,,,,,,,,,,,"",,,,,,,,,,,
"Finland","FI","FIN","246","EUR",2023,42,,,0,,,,,,,,,,,,,,"",,,,,,,,,,,
"Finland","FI","FIN","246","EUR",2024,42,,,0,,,,,,,,,,,,,,"",,,,,,,,,,,
"France","FR","FRA","250","EUR",2022,42,,,1,61,,,,,,,,,,,,,"",,,,,,,,,,,
"France","FR","FRA","250","EUR",2023,42,,,1,31,,,,,,,,,,,,,"",,,,,,,,,,,
"France","FR","FRA","250","EUR",2024,42,,,1,34,,,,,,,,,,,,,"",,,,,,,,,,,
"French Polynesia","PF","PYF","258","WPR",2022,43,,,,,,,,,,,,,,,,,"",,,,,,,,,,,
"French Polynesia","PF","PYF","258","WPR",2023,42,,,1,0,,,,,,,,,,,,,"",,,,,,,,,,,
"French Polynesia","PF","PYF","258","WPR",2024,,,,,,,,,,,,,,,,,,"",,,,,,,,,,,
"Gabon","GA","GAB","266","AFR",2022,0,,,,,,,,,,,,,,,,,"",,,,,,,,,,,
"Gabon","GA","GAB","266","AFR",2023,42,,,1,267,0,,,0,,,1,985,267,0,,,"Departement  sanitaire",51,18,,,,,,,,,
"Gabon","GA","GAB","266","AFR",2024,0,,,1,222,0,,,0,,,0,,,0,,,"Departement  sanitaires",52,1,,,,,,,,,
"Gambia","GM","GMB","270","AFR",2022,0,,,,,,,,,,,,,,,,,"",,,,,,,,,,,
"Gambia","GM","GMB","270","AFR",2023,0,,,1,12,,,,,,,,,,,,,"",,,,,,,,,,,
"Gambia","GM","GMB","270","AFR",2024,44,,,1,9,,,,,,,,,,,,,"",,,,,,,,,,,
"Georgia","GE","GEO","268","EUR",2022,42,0,8300,1,20,,,,,,,,,,,,,"",,,,,,,,,,,
"Georgia","GE","GEO","268","EUR",2023,42,0,8300,1,26,,,,,,,,,,,,,"",,,,,,,,,,,
"Georgia","GE","GEO","268","EUR",2024,42,0,8300,1,17,,,,,,,,,,,,,"",,,,,,,,,,,
"Germany","DE","DEU","276","EUR",2022,42,,,0,,,,,,,,,,,,,,"",,,,,,,,,,,
"Germany","DE","DEU","276","EUR",2023,42,,,0,,,,,,,,,,,,,,"",,,,,,,,,,,
"Germany","DE","DEU","276","EUR",2024,42,,,0,,,,,,,,,,,,,,"",,,,,,,,,,,
"Ghana","GH","GHA","288","AFR",2022,44,12,45000,,,,,,,,,,,,,,,"",,,,,,,,,,,
"Ghana","GH","GHA","288","AFR",2023,44,14,47000,1,76,,,,,,,,,,,,,"",,,,,,,,,,,
"Ghana","GH","GHA","288","AFR",2024,44,12,47000,1,63,,,,,,,,,,,,,"",,,,,,,,,,,
"Greece","GR","GRC","300","EUR",2022,,,,,,,,,,,,,,,,,,"",,,,,,,,,,,
"Greece","GR","GRC","300","EUR",2023,,,,,,,,,,,,,,,,,,"",,,,,,,,,,,
"Greece","GR","GRC","300","EUR",2024,,,,,,,,,,,,,,,,,,"",,,,,,,,,,,
"Greenland","GL","GRL","304","EUR",2022,42,,,0,,,,,,,,,,,,,,"",,,,,,,,,,,
"Greenland","GL","GRL","304","EUR",2023,42,,,0,,,,,,,,,,,,,,"",,,,,,,,,,,
"Greenland","GL","GRL","304","EUR",2024,42,,,0,,,,,,,,,,,,,,"",,,,,,,,,,,
"Grenada","GD","GRD","308","AMR",2022,42,,,,0,,,,,,,,,,,,,"",,,,,,,,,,,
"Grenada","GD","GRD","308","AMR",2023,42,,,1,0,,,,,,,,,,,,,"",,,,,,,,,,,
"Grenada","GD","GRD","308","AMR",2024,42,,,1,0,,,,,,,,,,,,,"",,,,,,,,,,,
"Guam","GU","GUM","316","WPR",2022,42,,,,,,,,,,,,,,,,,"",,,,,,,,,,,
"Guam","GU","GUM","316","WPR",2023,42,,,1,1,,,,,,,,,,,,,"",,,,,,,,,,,
"Guam","GU","GUM","316","WPR",2024,42,,,1,2,,,,,,,,,,,,,"",,,,,,,,,,,
"Guatemala","GT","GTM","320","AMR",2022,42,32,,,296,,,,,,,,,,,,,"",,,,,,,,,,,
"Guatemala","GT","GTM","320","AMR",2023,0,32,,1,353,0,,,0,,,1,23170,2636,0,,,"distrito",377,0,377,1798,1798,77751,81750,20,,316,
"Guatemala","GT","GTM","320","AMR",2024,42,,,1,356,0,,,0,,,1,20440,2522,0,,,"Distrito",384,0,384,1472,1472,66971,110691,21,,384,34
"Guinea","GN","GIN","324","AFR",2022,42,,,,,,,,,,,,,,,,,"",,,,,,,,,,,
"Guinea","GN","GIN","324","AFR",2023,43,,,1,19,,,,,,,,,,,,,"",,,,,,,,,,,
"Guinea","GN","GIN","324","AFR",2024,43,,,1,61,,,,,,,,,,,,,"",,,,,,,,,,,
"Guinea-Bissau","GW","GNB","624","AFR",2022,42,,,,,,,,,,,,,,,,,"",,,,,,,,,,,
"Guinea-Bissau","GW","GNB","624","AFR",2023,0,,,0,,,,,,,,,,,,,,"",,,,,,,,,,,
"Guinea-Bissau","GW","GNB","624","AFR",2024,0,,,0,,,,,,,,,,,,,,"",,,,,,,,,,,
"Guyana","GY","GUY","328","AMR",2022,42,0,,,35,,,,,,,,,,,,,"",,,,,,,,,,,
"Guyana","GY","GUY","328","AMR",2023,44,1,,1,,0,,,0,,,1,2156,557,0,,,"Region",22,22,22,,,4932,3,1,,,3
"Guyana","GY","GUY","328","AMR",2024,44,,,1,13,0,,,0,,,1,2300,90,0,,,"Chest Clinic",22,18,,,,,,,,,
"Haiti","HT","HTI","332","AMR",2022,42,5,16500,,512,,,,,,,,,,,,,"",,,,,,,,,,,
"Haiti","HT","HTI","332","AMR",2023,44,7,11500,1,360,0,,,0,,,0,,,0,,,"Departement and higher/lower region of Departement",15,1,,,,,,,,,
"Haiti","HT","HTI","332","AMR",2024,44,3,10746,1,407,0,,,0,,,1,6500,6400,0,,,"Departement and higher/lower region of Departement",15,4,,,,,,,,,
"Honduras","HN","HND","340","AMR",2022,44,12,27355,,187,,,,,,,,,,,,,"",,,,,,,,,,,
"Honduras","HN","HND","340","AMR",2023,0,16,24500,1,238,1,13612,11019,1,1083,953,1,19500,3462,0,,,"Región Sanitaria",20,17,20,1730,1287,182594,40320,14,14861,20,12
"Honduras","HN","HND","340","AMR",2024,0,23,24550,1,198,1,15301,13214,1,1148,1109,1,19450,4137,0,,,"Región Sanitaria",20,17,20,1730,1285,109646,43200,15,27296,20,15
"Hungary","HU","HUN","348","EUR",2022,42,,,1,5,,,,,,,,,,,,,"",,,,,,,,,,,
"Hungary","HU","HUN","348","EUR",2023,42,,,1,11,,,,,,,,,,,,,"",,,,,,,,,,,
"Hungary","HU","HUN","348","EUR",2024,42,,,1,7,,,,,,,,,,,,,"",,,,,,,,,,,
"Iceland","IS","ISL","352","EUR",2022,,,,,,,,,,,,,,,,,,"",,,,,,,,,,,
"Iceland","IS","ISL","352","EUR",2023,,,,,,,,,,,,,,,,,,"",,,,,,,,,,,
"Iceland","IS","ISL","352","EUR",2024,,,,,,,,,,,,,,,,,,"",,,,,,,,,,,
"India","IN","IND","356","SEA",2022,42,5188,5760000,,,,,,,,,,,,,,,"",,,,,,,,,,,
"India","IN","IND","356","SEA",2023,42,4166,5760000,1,1162,,,,,,,,,,,,,"",,,8684,519704,519704,18506624,17865000,,,8684,
"India","IN","IND","356","SEA",2024,42,4077,,1,1144,1,1722221,1653332,0,,,1,,22473,1,,252527,"Tuberculosis Unit (TB Unit)",7183,7183,7183,550295,550295,32843214,18058200,,8302140,7183,
"Indonesia","ID","IDN","360","WPR",2022,42,1105,1850926,,,,,,,,,,,,,,,"",,,,,,,,,,,
"Indonesia","ID","IDN","360","WPR",2023,42,1161,1293495,1,6137,1,177277,152221,1,46370,30666,1,273297,206346,0,,,"Kabupaten/Kota",514,51,505,10481,9535,4656676,5325600,1915,2943065,,1698
"Indonesia","ID","IDN","360","WPR",2024,42,1325,2077473,1,2150,1,342977,268111,1,63707,48407,1,270206,170057,0,,,"Districts",514,123,507,10472,9689,5183521,4683152,2057,3478361,0,1782
"Iran (Islamic Republic of)","IR","IRN","364","EMR",2022,42,,,,,,,,,,,,,,,,,"",,,,,,,,,,,
"Iran (Islamic Republic of)","IR","IRN","364","EMR",2023,42,,,1,149,,,,,,,,,,,,,"",,,,,,,,,,,
"Iran (Islamic Republic of)","IR","IRN","364","EMR",2024,42,,,1,185,,,,,,,,,,,,,"",,,,,,,,,,,
"Iraq","IQ","IRQ","368","EMR",2022,44,,,,,,,,,,,,,,,,,"",,,,,,,,,,,
"Iraq","IQ","IRQ","368","EMR",2023,44,,,1,1162,,,,,,,,,,,,,"",,,,,,,,,,,
"Iraq","IQ","IRQ","368","EMR",2024,44,,,1,821,,,,,,,,,,,,,"",,,,,,,,,,,
"Ireland","IE","IRL","372","EUR",2022,42,,,1,2,,,,,,,,,,,,,"",,,,,,,,,,,
"Ireland","IE","IRL","372","EUR",2023,42,,,1,1,,,,,,,,,,,,,"",,,,,,,,,,,
"Ireland","IE","IRL","372","EUR",2024,42,,,1,1,,,,,,,,,,,,,"",,,,,,,,,,,
"Israel","IL","ISR","376","EUR",2022,44,,,0,,,,,,,,,,,,,,"",,,,,,,,,,,
"Israel","IL","ISR","376","EUR",2023,44,,,0,,,,,,,,,,,,,,"",,,,,,,,,,,
"Israel","IL","ISR","376","EUR",2024,42,,,1,3,,,,,,,,,,,,,"",,,,,,,,,,,
"Italy","IT","ITA","380","EUR",2022,,,,,,,,,,,,,,,,,,"",,,,,,,,,,,
"Italy","IT","ITA","380","EUR",2023,,,,,,,,,,,,,,,,,,"",,,,,,,,,,,
"Italy","IT","ITA","380","EUR",2024,42,,,0,,,,,,,,,,,,,,"",,,,,,,,,,,
"Jamaica","JM","JAM","388","AMR",2022,44,,,,,,,,,,,,,,,,,"",,,,,,,,,,,
"Jamaica","JM","JAM","388","AMR",2023,44,0,,1,15,1,3000,3000,1,1115,5,1,,265,0,,,"Regional health authority (RHA)",4,4,4,350,350,21,,1,21,4,0
"Jamaica","JM","JAM","388","AMR",2024,42,,,1,16,0,,,0,,,0,,,0,,,"Parish Health Department",13,13,,,,,,,,,
"Japan","JP","JPN","392","WPR",2022,42,,,,,,,,,,,,,,,,,"",,,,,,,,,,,
"Japan","JP","JPN","392","WPR",2023,42,,,,,,,,,,,,,,,,,"",,,,,,,,,,,
"Japan","JP","JPN","392","WPR",2024,42,,,0,,,,,,,,,,,,,,"",,,,,,,,,,,
"Jordan","JO","JOR","400","EMR",2022,0,3,,,,,,,,,,,,,,,,"",,,,,,,,,,,
"Jordan","JO","JOR","400","EMR",2023,44,9,,1,14,,,,,,,,,,,,,"",,,,,,,,,,,
"Jordan","JO","JOR","400","EMR",2024,42,,,1,6,,,,,,,,,,,,,"",,,,,,,,,,,
"Kazakhstan","KZ","KAZ","398","EUR",2022,42,4,7219,1,142,,,,,,,,,,,,,"",,,,,,,,,,,
"Kazakhstan","KZ","KAZ","398","EUR",2023,42,1,7004,1,132,,,,,,,,,,,,,"",,,,,,,,,,,
"Kazakhstan","KZ","KAZ","398","EUR",2024,42,0,6294,1,148,1,32373,31540,0,,,1,45786,37203,0,,,"район",188,188,188,,,,,,,188,
"Kenya","KE","KEN","404","AFR",2022,42,42,,,,,,,,,,,,,,,,"",,,,,,,,,,,
"Kenya","KE","KEN","404","AFR",2023,42,275,133907,1,831,1,1377784,1223803,1,82823,77487,0,,,0,,,"county",301,301,301,15000,4700,841501,398288,334,398288,301,3
"Kenya","KE","KEN","404","AFR",2024,42,363,133907,1,968,1,1378457,116550,1,94761,76756,1,63000,6300,0,,,"county",310,310,310,11315,335,598808,780640,310,283080,310,300
"Kiribati","KI","KIR","296","WPR",2022,0,3,940,,,,,,,,,,,,,,,"",,,,,,,,,,,
"Kiribati","KI","KIR","296","WPR",2023,0,1,939,1,0,,,,,,,,,,,,,"",,,,,,,,,,,
"Kiribati","KI","KIR","296","WPR",2024,0,3,,0,,,,,,,,,,,,,,"",,,,,,,,,,,
"Kuwait","KW","KWT","414","EMR",2022,44,,,,,,,,,,,,,,,,,"",,,,,,,,,,,
"Kuwait","KW","KWT","414","EMR",2023,44,,,1,0,,,,,,,,,,,,,"",,,,,,,,,,,
"Kuwait","KW","KWT","414","EMR",2024,44,,,1,7,,,,,,,,,,,,,"",,,,,,,,,,,
"Kyrgyzstan","KG","KGZ","417","EUR",2022,0,26,,1,31,,,,,,,,,,,,,"",,,,,,,,,,,
"Kyrgyzstan","KG","KGZ","417","EUR",2023,44,38,,1,52,1,6458,5975,1,936,862,1,6272,6000,0,,,"город, район",53,0,53,1835,1835,,2,30,,53,30
"Kyrgyzstan","KG","KGZ","417","EUR",2024,42,64,,1,72,,,,,,,,,,,,,"",,,,64,21,,,18,,,
"Lao People's Democratic Republic","LA","LAO","418","WPR",2022,42,,,,,,,,,,,,,,,,,"",,,,,,,,,,,
"Lao People's Democratic Republic","LA","LAO","418","WPR",2023,44,,,0,,1,11682,11671,1,2066,2066,0,,,0,,,"",,,148,1078,1078,47688,135360,25,47688,,
"Lao People's Democratic Republic","LA","LAO","418","WPR",2024,44,,,0,,1,13169,13169,1,2184,2184,0,,,0,,,"",148,56,148,1078,1078,49240,144000,24,49240,148,12
"Latvia","LV","LVA","428","EUR",2022,42,0,,1,5,,,,,,,,,,,,,"",,,,,,,,,,,
"Latvia","LV","LVA","428","EUR",2023,,,,,,,,,,,,,,,,,,"",,,,,,,,,,,
"Latvia","LV","LVA","428","EUR",2024,42,3,33297,1,8,,,,,,,,,,,,,"",,,,,,,,,,,
"Lebanon","LB","LBN","422","EMR",2022,44,2,22638,,,,,,,,,,,,,,,"",,,,,,,,,,,
"Lebanon","LB","LBN","422","EMR",2023,44,2,22638,1,14,,,,,,,,,,,,,"",,,,,,,,,,,
"Lebanon","LB","LBN","422","EMR",2024,42,4,22638,1,5,,,,,,,,,,,,,"",,,,,,,,,,,
"Lesotho","LS","LSO","426","AFR",2022,0,44,,,,,,,,,,,,,,,,"",,,,,,,,,,,
"Lesotho","LS","LSO","426","AFR",2023,0,71,,1,100,1,40815,39445,1,10564,,1,,3452,,,,"District",10,10,10,203,203,91757,,29,76060,0,
"Lesotho","LS","LSO","426","AFR",2024,0,51,,1,49,1,241405,,1,120031,9715,1,,18934,,,,"District Health Management Team",10,10,,,,,,,,,
"Liberia","LR","LBR","430","AFR",2022,0,0,,,,,,,,,,,,,,,,"",,,,,,,,,,,
"Liberia","LR","LBR","430","AFR",2023,0,0,,1,37,1,,,1,,,1,,,0,,,"County",15,,,,,,,,,,
"Liberia","LR","LBR","430","AFR",2024,0,,,1,30,,,,,,,,,,,,,"",,,,,,,,,,,
"Libya","LY","LBY","434","EMR",2022,0,33,166280,,,,,,,,,,,,,,,"",,,,,,,,,,,
"Libya","LY","LBY","434","EMR",2023,0,19,166280,1,93,,,,,,,,,,,,,"",,,,,,,,,,,
"Libya","LY","LBY","434","EMR",2024,0,13,169000,0,,,,,,,,,,,,,,"",,,,,,,,,,,
"Lithuania","LT","LTU","440","EUR",2022,,,,,,,,,,,,,,,,,,"",,,,,,,,,,,
"Lithuania","LT","LTU","440","EUR",2023,,,,,,,,,,,,,,,,,,"",,,,,,,,,,,
"Lithuania","LT","LTU","440","EUR",2024,42,8,,1,7,,,,,,,,,,,,,"",,,,,,,,,,,
"Luxembourg","LU","LUX","442","EUR",2022,42,,,1,2,,,,,,,,,,,,,"",,,,,,,,,,,
"Luxembourg","LU","LUX","442","EUR",2023,42,,,1,0,,,,,,,,,,,,,"",,,,,,,,,,,
"Luxembourg","LU","LUX","442","EUR",2024,42,,,1,0,,,,,,,,,,,,,"",,,,,,,,,,,
"Madagascar","MG","MDG","450","AFR",2022,42,21,,,,,,,,,,,,,,,,"",,,,,,,,,,,
"Madagascar","MG","MDG","450","AFR",2023,0,,,1,732,,,,,,,,,,,,,"",,,,,,,,,,,
"Madagascar","MG","MDG","450","AFR",2024,0,,,1,897,,,,,,,,,,,,,"",,,,,,,,,,,
"Malawi","MW","MWI","454","AFR",2022,0,67,,,,,,,,,,,,,,,,"",,,,,,,,,,,
"Malawi","MW","MWI","454","AFR",2023,0,58,,1,59,,,,,,,,,,,,,"",,,,,,,,,,,
"Malawi","MW","MWI","454","AFR",2024,43,,,1,110,,,,,,,,,,,,,"",,,,,,,,,,,
"Malaysia","MY","MYS","458","WPR",2022,42,327,310000,,,,,,,,,,,,,,,"",,,,,,,,,,,
"Malaysia","MY","MYS","458","WPR",2023,42,315,315000,1,343,,,,,,,,,,,,,"",,,,,,,,,,,
"Malaysia","MY","MYS","458","WPR",2024,42,380,315000,1,388,,,,,,,,,,,,,"",,,,,,,,,,,
"Maldives","MV","MDV","462","SEA",2022,0,0,,,,,,,,,,,,,,,,"",,,,,,,,,,,
"Maldives","MV","MDV","462","SEA",2023,42,0,10824,1,1,,,,,,,,,,,,,"",,,,,,,,,,,
"Maldives","MV","MDV","462","SEA",2024,44,1,,1,1,,,,,,,,,,,,,"",,,,,,,,,,,
"Mali","ML","MLI","466","AFR",2022,0,9,,,,,,,,,,,,,,,,"",,,,,,,,,,,
"Mali","ML","MLI","466","AFR",2023,44,22,,1,157,,,,,,,,,,,,,"",,,,,,,,,,,
"Mali","ML","MLI","466","AFR",2024,42,26,,1,243,,,,,,,,,,,,,"",,,,,,,,,,,
"Malta","MT","MLT","470","EUR",2022,42,,,1,0,,,,,,,,,,,,,"",,,,,,,,,,,
"Malta","MT","MLT","470","EUR",2023,42,,,1,1,,,,,,,,,,,,,"",,,,,,,,,,,
"Malta","MT","MLT","470","EUR",2024,42,,,1,2,,,,,,,,,,,,,"",,,,,,,,,,,
"Marshall Islands","MH","MHL","584","WPR",2022,42,1,560,,,,,,,,,,,,,,,"",,,,,,,,,,,
"Marshall Islands","MH","MHL","584","WPR",2023,42,0,603,0,,,,,,,,,,,,,,"",,,,,,,,,,,
"Marshall Islands","MH","MHL","584","WPR",2024,42,0,620,0,,,,,,,,,,,,,,"",,,,,,,,,,,
"Mauritania","MR","MRT","478","AFR",2022,42,11,7130,,,,,,,,,,,,,,,"",,,,,,,,,,,
"Mauritania","MR","MRT","478","AFR",2023,42,,,1,23,,,,,,,,,,,,,"",,,,,,,,,,,
"Mauritania","MR","MRT","478","AFR",2024,,,,,,,,,,,,,,,,,,"",,,,,,,,,,,
"Mauritius","MU","MUS","480","AFR",2022,42,,,,,,,,,,,,,,,,,"",,,,,,,,,,,
"Mauritius","MU","MUS","480","AFR",2023,42,,,1,0,,,,,,,,,,,,,"",,,,,,,,,,,
"Mauritius","MU","MUS","480","AFR",2024,42,,,1,0,,,,,,,,,,,,,"",,,,,,,,,,,
"Mexico","MX","MEX","484","AMR",2022,42,363,964800,,500,,,,,,,,,,,,,"",,,,,,,,,,,
"Mexico","MX","MEX","484","AMR",2023,42,481,1006325,1,627,0,,,0,,,1,220994,31,0,,,"Jurisdicción",647,647,647,37338,37338,174515,15860,58,14804,647,
"Mexico","MX","MEX","484","AMR",2024,42,472,1066693,1,650,0,,,0,,,1,235197,11035,0,,,"Jurisdicciones",242,,242,47843,,178528,153120,100,33861,,
"Micronesia (Federated States of)","FM","FSM","583","WPR",2022,42,0,,,,,,,,,,,,,,,,"",,,,,,,,,,,
"Micronesia (Federated States of)","FM","FSM","583","WPR",2023,42,,,0,,,,,,,,,,,,,,"",,,,,,,,,,,
"Micronesia (Federated States of)","FM","FSM","583","WPR",2024,42,,,1,0,,,,,,,,,,,,,"",,,,,,,,,,,
"Monaco","MC","MCO","492","EUR",2022,,,,,,,,,,,,,,,,,,"",,,,,,,,,,,
"Monaco","MC","MCO","492","EUR",2023,,,,,,,,,,,,,,,,,,"",,,,,,,,,,,
"Monaco","MC","MCO","492","EUR",2024,,,,,,,,,,,,,,,,,,"",,,,,,,,,,,
"Mongolia","MN","MNG","496","WPR",2022,44,30,58700,,,,,,,,,,,,,,,"",,,,,,,,,,,
"Mongolia","MN","MNG","496","WPR",2023,44,54,66266,1,88,1,305,270,1,23,22,1,5832,5200,1,96815,4803,"District",34,24,33,540,2,28089,72864,35,28000,30,42
"Mongolia","MN","MNG","496","WPR",2024,44,62,64994,1,41,1,321,276,1,19,19,1,,,,,,"district",34,34,34,480,,28117,31158,40,,,55
"Montenegro","ME","MNE","499","EUR",2022,42,,,0,,,,,,,,,,,,,,"",,,,,,,,,,,
"Montenegro","ME","MNE","499","EUR",2023,42,,,1,1,,,,,,,,,,,,,"",,,,,,,,,,,
"Montenegro","ME","MNE","499","EUR",2024,42,,,1,2,,,,,,,,,,,,,"",,,,,,,,,,,
"Montserrat","MS","MSR","500","AMR",2022,,,,,,,,,,,,,,,,,,"",,,,,,,,,,,
"Montserrat","MS","MSR","500","AMR",2023,,,,,,,,,,,,,,,,,,"",,,,,,,,,,,
"Montserrat","MS","MSR","500","AMR",2024,,,,,,,,,,,,,,,,,,"",,,,,,,,,,,
"Morocco","MA","MAR","504","EMR",2022,43,60,70558,,,,,,,,,,,,,,,"",,,,,,,,,,,
"Morocco","MA","MAR","504","EMR",2023,43,76,73642,1,192,,,,,,,,,,,,,"",,,,,,,,,,,
"Morocco","MA","MAR","504","EMR",2024,43,,,0,,,,,,,,,,,,,,"",,,,,,,,,,,
"Mozambique","MZ","MOZ","508","AFR",2022,44,308,59264,,,,,,,,,,,,,,,"",,,,,,,,,,,
"Mozambique","MZ","MOZ","508","AFR",2023,44,395,59264,1,1044,1,2460000,,1,288300,269026,1,193852,16821,0,,,"BMU",161,94,161,1475,115,554266,554266,,554266,161,
"Mozambique","MZ","MOZ","508","AFR",2024,44,679,67274,1,1255,1,2223559,,1,264351,263125,1,22000,19806,1,,623,"BMU",958,94,958,1725,1725,108400,,,107592,958,
"Myanmar","MM","MMR","104","SEA",2022,44,,,,,,,,,,,,,,,,,"",,,,,,,,,,,
"Myanmar","MM","MMR","104","SEA",2023,43,,,1,784,1,216757,198676,1,25257,22131,1,100324,16492,0,,,"basic management unit",330,330,77,1904,1904,357850,144693,65,96302,330,83
"Myanmar","MM","MMR","104","SEA",2024,43,,,1,833,1,292000,236335,1,24433,19771,1,100324,14979,0,,,"basic management unit",330,254,112,1904,1904,285752,150844,49,142094,79,47
"Namibia","NA","NAM","516","AFR",2022,42,32,14333,,,,,,,,,,,,,,,"",,,,,,,,,,,
"Namibia","NA","NAM","516","AFR",2023,42,31,15018,1,134,1,210283,207037,1,8996,7448,1,11878,11118,0,,,"District",36,0,36,346,346,68093,288000,33,61027,0,
"Namibia","NA","NAM","516","AFR",2024,42,27,16921,1,44,0,,,0,,,1,,15050,0,,,"District",36,0,36,346,346,68579,68579,33,68579,0,
"Nauru","NR","NRU","520","WPR",2022,,,,,,,,,,,,,,,,,,"",,,,,,,,,,,
"Nauru","NR","NRU","520","WPR",2023,0,,,1,0,,,,,,,,,,,,,"",,,,,,,,,,,
"Nauru","NR","NRU","520","WPR",2024,,,,,,,,,,,,,,,,,,"",,,,,,,,,,,
"Nepal","NP","NPL","524","SEA",2022,44,,,,,,,,,,,,,,,,,"",,,,,,,,,,,
"Nepal","NP","NPL","524","SEA",2023,44,,,0,,1,,,1,3046,2578,1,27550,14493,0,,,"Federal, Province and Local Level",77,,77,6209,6209,477806,445824,,,,
"Nepal","NP","NPL","524","SEA",2024,44,,,0,,1,26372,,1,2601,2481,1,27550,18783,0,,,"Federal, Province and Local Level",77,,77,6241,6241,546342,197957,117,197957,77,117
"Netherlands (Kingdom of the)","NL","NLD","528","EUR",2022,42,,,1,3,,,,,,,,,,,,,"",,,,,,,,,,,
"Netherlands (Kingdom of the)","NL","NLD","528","EUR",2023,42,,,1,,,,,,,,,,,,,,"",,,,,,,,,,,
"Netherlands (Kingdom of the)","NL","NLD","528","EUR",2024,42,,,1,6,,,,,,,,,,,,,"",,,,,,,,,,,
"New Caledonia","NC","NCL","540","WPR",2022,,,,,,,,,,,,,,,,,,"",,,,,,,,,,,
"New Caledonia","NC","NCL","540","WPR",2023,42,,,0,,,,,,,,,,,,,,"",,,,,,,,,,,
"New Caledonia","NC","NCL","540","WPR",2024,,,,,,,,,,,,,,,,,,"",,,,,,,,,,,
"New Zealand","NZ","NZL","554","WPR",2022,42,,,,,,,,,,,,,,,,,"",,,,,,,,,,,
"New Zealand","NZ","NZL","554","WPR",2023,42,,,0,,,,,,,,,,,,,,"",,,,,,,,,,,
"New Zealand","NZ","NZL","554","WPR",2024,42,,,0,,,,,,,,,,,,,,"",,,,,,,,,,,
"Nicaragua","NI","NIC","558","AMR",2022,42,28,38283,,84,,,,,,,,,,,,,"",,,,,,,,,,,
"Nicaragua","NI","NIC","558","AMR",2023,42,31,38983,1,84,1,10237,8190,1,1116,969,1,20918,1947,1,,90,"Sistema Local de Atención Integral de Salud SILAIS",19,0,,,,,,,,,
"Nicaragua","NI","NIC","558","AMR",2024,,,,,,,,,,,,,,,,,,"",,,,,,,,,,,
"Niger","NE","NER","562","AFR",2022,0,,,,,,,,,,,,,,,,,"",,,,,,,,,,,
"Niger","NE","NER","562","AFR",2023,0,,,1,57,,,,,,,,,,,,,"",,,,,,,,,,,
"Niger","NE","NER","562","AFR",2024,44,,,1,31,,,,,,,,,,,,,"",,,,,,,,,,,
"Nigeria","NG","NGA","566","AFR",2022,0,58,487956,,,,,,,,,,,,,,,"",,,,,,,,,,,
"Nigeria","NG","NGA","566","AFR",2023,44,45,473317,1,1452,1,,,1,,,1,80507,15753,0,,,"Local Government Area (LGA)",774,182,774,27307,27307,4052273,3654720,600,3422528,774,
"Nigeria","NG","NGA","566","AFR",2024,0,42,450000,1,1146,,,,1,,,1,81011,37963,1,5621,1512,"Local Government Area (LGA)",774,774,774,34076,34076,5097102,4012800,602,4011570,774,
"Niue","NU","NIU","570","WPR",2022,,,,,,,,,,,,,,,,,,"",,,,,,,,,,,
"Niue","NU","NIU","570","WPR",2023,0,,,0,,,,,,,,,,,,,,"",,,,,,,,,,,
"Niue","NU","NIU","570","WPR",2024,,,,,,,,,,,,,,,,,,"",,,,,,,,,,,
"North Macedonia","MK","MKD","807","EUR",2022,42,,,1,6,,,,,,,,,,,,,"",,,,,,,,,,,
"North Macedonia","MK","MKD","807","EUR",2023,42,,,1,4,,,,,,,,,,,,,"",,,,,,,,,,,
"North Macedonia","MK","MKD","807","EUR",2024,42,,,1,3,,,,,,,,,,,,,"",,,,,,,,,,,
"Northern Mariana Islands","MP","MNP","580","WPR",2022,42,,,,,,,,,,,,,,,,,"",,,,,,,,,,,
"Northern Mariana Islands","MP","MNP","580","WPR",2023,42,,,1,0,,,,,,,,,,,,,"",,,,,,,,,,,
"Northern Mariana Islands","MP","MNP","580","WPR",2024,42,,,1,0,,,,,,,,,,,,,"",,,,,,,,,,,
"Norway","NO","NOR","578","EUR",2022,42,,,0,,,,,,,,,,,,,,"",,,,,,,,,,,
"Norway","NO","NOR","578","EUR",2023,,,,,,,,,,,,,,,,,,"",,,,,,,,,,,
"Norway","NO","NOR","578","EUR",2024,42,,,0,,,,,,,,,,,,,,"",,,,,,,,,,,
"occupied Palestinian territory, including east Jerusalem","PS","PSE","275","EMR",2022,42,0,,,,,,,,,,,,,,,,"",,,,,,,,,,,
"occupied Palestinian territory, including east Jerusalem","PS","PSE","275","EMR",2023,42,0,,1,0,,,,,,,,,,,,,"",,,,,,,,,,,
"occupied Palestinian territory, including east Jerusalem","PS","PSE","275","EMR",2024,42,,,1,0,,,,,,,,,,,,,"",,,,,,,,,,,
"Oman","OM","OMN","512","EMR",2022,42,,,,,,,,,,,,,,,,,"",,,,,,,,,,,
"Oman","OM","OMN","512","EMR",2023,42,,,1,3,,,,,,,,,,,,,"",,,,,,,,,,,
"Oman","OM","OMN","512","EMR",2024,42,,,1,14,,,,,,,,,,,,,"",,,,,,,,,,,
"Pakistan","PK","PAK","586","EMR",2022,44,,,,,,,,,,,,,,,,,"",,,,,,,,,,,
"Pakistan","PK","PAK","586","EMR",2023,44,,,1,337,1,66212,,1,12731,,,,,,,,"District",156,,156,860,,2159109,2215200,235,933794,,
"Pakistan","PK","PAK","586","EMR",2024,44,,,1,377,1,13001,,,,,,,,,,,"District",157,,157,803,,2367958,1286891,459,1286891,157,435
"Palau","PW","PLW","585","WPR",2022,42,,,,,,,,,,,,,,,,,"",,,,,,,,,,,
"Palau","PW","PLW","585","WPR",2023,42,,,1,0,,,,,,,,,,,,,"",,,,,,,,,,,
"Palau","PW","PLW","585","WPR",2024,42,,,1,0,,,,,,,,,,,,,"",,,,,,,,,,,
"Panama","PA","PAN","591","AMR",2022,42,0,98000,,118,,,,,,,,,,,,,"",,,,,,,,,,,
"Panama","PA","PAN","591","AMR",2023,42,2,,1,164,0,,,0,,,0,,,0,,,"Regiones de Salud ",15,15,,,,,,30,,,
"Panama","PA","PAN","591","AMR",2024,42,3,,1,205,0,,,0,,,0,,,0,,,"Regiones de Salud ",15,15,1,827,255,11159,47520,29,,13,28
"Papua New Guinea","PG","PNG","598","WPR",2022,0,,18929,,,,,,,,,,,,,,,"",,,,,,,,,,,
"Papua New Guinea","PG","PNG","598","WPR",2023,0,,,0,,1,48951,38671,1,5794,4578,0,,,0,,,"",,,,,,,,35,79578,,
"Papua New Guinea","PG","PNG","598","WPR",2024,44,,,0,,1,54685,43201,1,6592,6360,0,,,0,,,"Basic management unit",96,22,,,,,,35,76002,,
"Paraguay","PY","PRY","600","AMR",2022,42,33,65534,,617,,,,,,,,,,,,,"",,,,,,,,,,,
"Paraguay","PY","PRY","600","AMR",2023,42,39,154889,1,823,1,12754,1137,0,,,1,17446,7487,0,,,"Región Sanitaria",19,16,19,929,929,29924,66000,29,26523,19,29
"Paraguay","PY","PRY","600","AMR",2024,42,52,154889,1,863,1,19631,1155,0,,,1,18336,8502,0,,,"Región Sanitaria",19,16,19,929,929,47302,146664,31,25452,19,31
"Peru","PE","PER","604","AMR",2022,42,349,403848,,2468,,,,,,,,,,,,,"",,,,,,,,,,,
"Peru","PE","PER","604","AMR",2023,42,419,403848,1,3040,1,93370,12755,1,9490,4204,1,93985,55845,0,,,"Distritos",1890,480,939,8377,4139,1593686,79002,43,11151,533,35
"Peru","PE","PER","604","AMR",2024,42,396,395572,1,3666,0,,,0,,,1,99448,42499,0,,,"Distrito",1891,514,0,8535,4139,1512203,77198,59,15938,533,35
"Philippines","PH","PHL","608","WPR",2022,42,,,,,,,,,,,,,,,,,"",,,,,,,,,,,
"Philippines","PH","PHL","608","WPR",2023,42,,,1,5442,1,119145,66577,1,16984,14555,1,149416,148118,0,,,"Province and Highly Urbanized City",115,115,115,2593,2593,,269808,590,,115,
"Philippines","PH","PHL","608","WPR",2024,42,113,,1,6108,1,135026,67915,1,17551,10047,1,172242,148466,0,,,"Province and Highly Urbanized City",115,115,115,3476,3476,1311104,589248,672,1213143,115,
"Poland","PL","POL","616","EUR",2022,42,,,1,124,,,,,,,,,,,,,"",,,,,,,,,,,
"Poland","PL","POL","616","EUR",2023,0,,,1,166,,,,,,,,,,,,,"",,,,,,,,,,,
"Poland","PL","POL","616","EUR",2024,42,,,1,142,,,,,,,,,,,,,"",,,,,,,,,,,
"Portugal","PT","PRT","620","EUR",2022,42,,,1,23,,,,,,,,,,,,,"",,,,,,,,,,,
"Portugal","PT","PRT","620","EUR",2023,42,,,1,27,,,,,,,,,,,,,"",,,,,,,,,,,
"Portugal","PT","PRT","620","EUR",2024,42,,,1,8,,,,,,,,,,,,,"",,,,,,,,,,,
"Puerto Rico","PR","PRI","630","AMR",2022,42,,,,0,,,,,,,,,,,,,"",,,,,,,,,,,
"Puerto Rico","PR","PRI","630","AMR",2023,42,,,1,1,,,,,,,,,,,,,"",,,,,,,,,,,
"Puerto Rico","PR","PRI","630","AMR",2024,,,,,,,,,,,,,,,,,,"",,,,,,,,,,,
"Qatar","QA","QAT","634","EMR",2022,0,,,,,,,,,,,,,,,,,"",,,,,,,,,,,
"Qatar","QA","QAT","634","EMR",2023,42,,,0,,,,,,,,,,,,,,"",,,,,,,,,,,
"Qatar","QA","QAT","634","EMR",2024,42,,,1,3,,,,,,,,,,,,,"",,,,,,,,,,,
"Republic of Korea","KR","KOR","410","WPR",2022,42,136,798997,,,,,,,,,,,,,,,"",,,,,,,,,,,
"Republic of Korea","KR","KOR","410","WPR",2023,42,130,826504,1,63,,,,,,,,,,,,,"",,,,,,,,,,,
"Republic of Korea","KR","KOR","410","WPR",2024,42,123,854769,1,86,,,,,,,,,,,,,"",,,,,,,,,,,
"Republic of Moldova","MD","MDA","498","EUR",2022,42,6,61079,1,79,,,,,,,,,,,,,"",,,,,,,,,,,
"Republic of Moldova","MD","MDA","498","EUR",2023,42,6,50457,1,47,1,9778,7598,1,928,,1,6084,5942,0,,,"районы+муниципии с секторами",57,57,57,57,57,,,57,,57,57
"Republic of Moldova","MD","MDA","498","EUR",2024,42,5,61725,1,40,1,10287,7669,1,880,880,1,6622,6000,0,,,"raion",47,47,39,59,57,13500,13500,57,13500,46,56
"Romania","RO","ROU","642","EUR",2022,42,64,369004,1,97,,,,,,,,,,,,,"",,,,,,,,,,,
"Romania","RO","ROU","642","EUR",2023,42,72,377109,1,77,,,,,,,,,,,,,"",,,,,,,,,,,
"Romania","RO","ROU","642","EUR",2024,42,54,378151,1,106,,,,,,,,,,,,,"",,,,,,,,,,,
"Russian Federation","RU","RUS","643","EUR",2022,42,18,23156,1,4657,,,,,,,,,,,,,"",,,,,,,,,,,
"Russian Federation","RU","RUS","643","EUR",2023,44,7,18603,1,3909,,,,,,,,,,,,,"",,,,,,,,,,,
"Russian Federation","RU","RUS","643","EUR",2024,44,,,1,3432,1,927689,845963,0,,,1,334594,330387,0,,,"Муниципальное образование",18402,18402,,,,,,,,,
"Rwanda","RW","RWA","646","AFR",2022,42,53,26651,,,,,,,,,,,,,,,"",,,,,,,,,,,
"Rwanda","RW","RWA","646","AFR",2023,42,54,25583,1,2467,,,,,,,,,,,,,"",,,,,,,,,,,
"Rwanda","RW","RWA","646","AFR",2024,42,3,26651,1,1044,,,,,,,,,,,,,"",,,,,,,,,,,
"Saint Kitts and Nevis","KN","KNA","659","AMR",2022,,,,,,,,,,,,,,,,,,"",,,,,,,,,,,
"Saint Kitts and Nevis","KN","KNA","659","AMR",2023,44,,,0,,,,,,,,,,,,,,"",,,,,,,,,,,
"Saint Kitts and Nevis","KN","KNA","659","AMR",2024,,,,,,,,,,,,,,,,,,"",,,,,,,,,,,
"Saint Lucia","LC","LCA","662","AMR",2022,0,,,,0,,,,,,,,,,,,,"",,,,,,,,,,,
"Saint Lucia","LC","LCA","662","AMR",2023,0,,,0,,,,,,,,,,,,,,"",,,,,,,,,,,
"Saint Lucia","LC","LCA","662","AMR",2024,0,,,0,,,,,,,,,,,,,,"",,,,,,,,,,,
"Saint Vincent and the Grenadines","VC","VCT","670","AMR",2022,42,,,,0,,,,,,,,,,,,,"",,,,,,,,,,,
"Saint Vincent and the Grenadines","VC","VCT","670","AMR",2023,0,,,0,,,,,,,,,,,,,,"",,,,,,,,,,,
"Saint Vincent and the Grenadines","VC","VCT","670","AMR",2024,,,,,,,,,,,,,,,,,,"",,,,,,,,,,,
"Samoa","WS","WSM","882","WPR",2022,42,,,,,,,,,,,,,,,,,"",,,,,,,,,,,
"Samoa","WS","WSM","882","WPR",2023,42,,,0,,,,,,,,,,,,,,"",,,,,,,,,,,
"Samoa","WS","WSM","882","WPR",2024,0,,,,,,,,,,,,,,,,,"",,,,,,,,,,,
"San Marino","SM","SMR","674","EUR",2022,,,,,,,,,,,,,,,,,,"",,,,,,,,,,,
"San Marino","SM","SMR","674","EUR",2023,,,,,,,,,,,,,,,,,,"",,,,,,,,,,,
"San Marino","SM","SMR","674","EUR",2024,,,,,,,,,,,,,,,,,,"",,,,,,,,,,,
"Sao Tome and Principe","ST","STP","678","AFR",2022,42,0,,,,,,,,,,,,,,,,"",,,,,,,,,,,
"Sao Tome and Principe","ST","STP","678","AFR",2023,42,0,1,0,,,,,,,,,,,,,,"",,,,,,,,,,,
"Sao Tome and Principe","ST","STP","678","AFR",2024,42,,,0,,,,,,,,,,,,,,"",,,,,,,,,,,
"Saudi Arabia","SA","SAU","682","EMR",2022,42,,,,,,,,,,,,,,,,,"",,,,,,,,,,,
"Saudi Arabia","SA","SAU","682","EMR",2023,42,,,1,109,,,,,,,,,,,,,"",,,,,,,,,,,
"Saudi Arabia","SA","SAU","682","EMR",2024,42,,,1,71,,,,,,,,,,,,,"",,,,,,,,,,,
"Senegal","SN","SEN","686","AFR",2022,0,,,,,,,,,,,,,,,,,"",,,,,,,,,,,
"Senegal","SN","SEN","686","AFR",2023,0,,,1,115,,,,,,,,,,,,,"",,,,,,,,,,,
"Senegal","SN","SEN","686","AFR",2024,43,,,0,,,,,,,,,,,,,,"",,,,,,,,,,,
"Serbia","RS","SRB","688","EUR",2022,42,0,105286,1,0,,,,,,,,,,,,,"",,,,,,,,,,,
"Serbia","RS","SRB","688","EUR",2023,42,3,105601,1,0,,,,,,,,,,,,,"",,,,,,,,,,,
"Serbia","RS","SRB","688","EUR",2024,42,4,110929,1,0,,,,,,,,,,,,,"",,,,,,,,,,,
"Seychelles","SC","SYC","690","AFR",2022,42,,,,,,,,,,,,,,,,,"",,,,,,,,,,,
"Seychelles","SC","SYC","690","AFR",2023,42,,,1,0,,,,,,,,,,,,,"",,,,,,,,,,,
"Seychelles","SC","SYC","690","AFR",2024,42,,,0,,,,,,,,,,,,,,"",,,,,,,,,,,
"Sierra Leone","SL","SLE","694","AFR",2022,43,,,,,,,,,,,,,,,,,"",,,,,,,,,,,
"Sierra Leone","SL","SLE","694","AFR",2023,44,,,1,22,,,,,,,0,,,0,,,"Districts",16,5,,,,,,,,,
"Sierra Leone","SL","SLE","694","AFR",2024,0,,,1,130,0,,,,,,1,5907,1066,0,,,"District",16,4,16,1562,87,68235,72000,17,21582,16,
"Singapore","SG","SGP","702","WPR",2022,42,,,,,,,,,,,,,,,,,"",,,,,,,,,,,
"Singapore","SG","SGP","702","WPR",2023,42,,,1,11,,,,,,,,,,,,,"",,,,,,,,,,,
"Singapore","SG","SGP","702","WPR",2024,42,,,1,16,,,,,,,,,,,,,"",,,,,,,,,,,
"Sint Maarten (Dutch part)","SX","SXM","534","AMR",2022,0,,,,0,,,,,,,,,,,,,"",,,,,,,,,,,
"Sint Maarten (Dutch part)","SX","SXM","534","AMR",2023,0,,,0,,,,,,,,,,,,,,"",,,,,,,,,,,
"Sint Maarten (Dutch part)","SX","SXM","534","AMR",2024,0,,,0,,,,,,,,,,,,,,"",,,,,,,,,,,
"Slovakia","SK","SVK","703","EUR",2022,42,,,1,3,,,,,,,,,,,,,"",,,,,,,,,,,
"Slovakia","SK","SVK","703","EUR",2023,44,,,1,5,,,,,,,,,,,,,"",,,,,,,,,,,
"Slovakia","SK","SVK","703","EUR",2024,42,,,1,2,,,,,,,,,,,,,"",,,,,,,,,,,
"Slovenia","SI","SVN","705","EUR",2022,42,,,1,0,,,,,,,,,,,,,"",,,,,,,,,,,
"Slovenia","SI","SVN","705","EUR",2023,42,,,1,0,,,,,,,,,,,,,"",,,,,,,,,,,
"Slovenia","SI","SVN","705","EUR",2024,42,,,1,2,,,,,,,,,,,,,"",,,,,,,,,,,
"Solomon Islands","SB","SLB","090","WPR",2022,42,0,,,,,,,,,,,,,,,,"",,,,,,,,,,,
"Solomon Islands","SB","SLB","090","WPR",2023,0,,,0,,,,,,,,,,,,,,"",,,,,,,,,,,
"Solomon Islands","SB","SLB","090","WPR",2024,0,,,0,,,,,,,,,,,,,,"",,,,,,,,,,,
"Somalia","SO","SOM","706","EMR",2022,43,0,1100,,,,,,,,,,,,,,,"",,,,,,,,,,,
"Somalia","SO","SOM","706","EMR",2023,43,,,1,14,,,,,,,,,,,,,"",,,,,,,,,,,
"Somalia","SO","SOM","706","EMR",2024,43,,,1,34,,,,,,,,,,,,,"",,,,,,,,,,,
"South Africa","ZA","ZAF","710","AFR",2022,43,,,,,,,,,,,,,,,,,"",,,,,,,,,,,
"South Africa","ZA","ZAF","710","AFR",2023,42,,,1,1450,1,7800000,505023,0,,,0,,,1,446087,389200,"District",52,17,52,3498,3498,4694000,9700000,161,,52,124
"South Africa","ZA","ZAF","710","AFR",2024,42,,,1,1423,1,8029480,467956,0,,,1,155000,155000,0,,,"District",52,27,52,3498,3498,2892822,4014000,165,,52,165
"South Sudan","SS","SSD","728","AFR",2022,42,0,1267,,,,,,,,,,,,,,,"",,,,,,,,,,,
"South Sudan","SS","SSD","728","AFR",2023,42,,,0,,,,,,,,,,,,,,"",,,,,,,,,,,
"South Sudan","SS","SSD","728","AFR",2024,42,,,0,,,,,,,,,,,,,,"",,,,,,,,,,,
"Spain","ES","ESP","724","EUR",2022,,,,,,,,,,,,,,,,,,"",,,,,,,,,,,
"Spain","ES","ESP","724","EUR",2023,,,,,,,,,,,,,,,,,,"",,,,,,,,,,,
"Spain","ES","ESP","724","EUR",2024,42,,,1,31,,,,,,,,,,,,,"",,,,,,,,,,,
"Sri Lanka","LK","LKA","144","SEA",2022,42,37,121500,,,,,,,,,,,,,,,"",,,,,,,,,,,
"Sri Lanka","LK","LKA","144","SEA",2023,42,57,121500,1,48,,,,,,,,,,,,,"",,,,,,,,,,,
"Sri Lanka","LK","LKA","144","SEA",2024,42,30,121600,1,,,,,,,,,,,,,,"",,,,,,,,,,,
"Sudan","SD","SDN","729","EMR",2022,44,,,,,,,,,,,,,,,,,"",,,,,,,,,,,
"Sudan","SD","SDN","729","EMR",2023,44,,,1,53,,,,,,,,,,,,,"",,,,,,,,,,,
"Sudan","SD","SDN","729","EMR",2024,0,,,1,25,,,,,,,,,,,,,"",,,,,,,,,,,
"Suriname","SR","SUR","740","AMR",2022,42,,,,,,,,,,,,,,,,,"",,,,,,,,,,,
"Suriname","SR","SUR","740","AMR",2023,42,,,1,2,0,,,0,,,0,,,0,,,"",10,0,,,,,,,,,
"Suriname","SR","SUR","740","AMR",2024,42,,,1,4,0,,,0,,,0,,,0,,,"",,,,,,,,,,,
"Sweden","SE","SWE","752","EUR",2022,42,,,0,,,,,,,,,,,,,,"",,,,,,,,,,,
"Sweden","SE","SWE","752","EUR",2023,42,,,0,,,,,,,,,,,,,,"",,,,,,,,,,,
"Sweden","SE","SWE","752","EUR",2024,42,,,0,,,,,,,,,,,,,,"",,,,,,,,,,,
"Switzerland","CH","CHE","756","EUR",2022,42,,,0,,,,,,,,,,,,,,"",,,,,,,,,,,
"Switzerland","CH","CHE","756","EUR",2023,42,,,0,,,,,,,,,,,,,,"",,,,,,,,,,,
"Switzerland","CH","CHE","756","EUR",2024,42,,,0,,,,,,,,,,,,,,"",,,,,,,,,,,
"Syrian Arab Republic","SY","SYR","760","EMR",2022,42,0,,,,,,,,,,,,,,,,"",,,,,,,,,,,
"Syrian Arab Republic","SY","SYR","760","EMR",2023,42,0,133,1,391,,,,,,,,,,,,,"",,,,,,,,,,,
"Syrian Arab Republic","SY","SYR","760","EMR",2024,0,0,133,1,18,,,,,,,,,,,,,"",,,,,,,,,,,
"Tajikistan","TJ","TJK","762","EUR",2022,42,43,109945,1,70,,,,,,,,,,,,,"",,,,,,,,,,,
"Tajikistan","TJ","TJK","762","EUR",2023,42,39,111357,1,101,1,11696,10914,1,1100,1015,0,,,0,,,""Город" - "Район"",66,66,,,,,,,,,
"Tajikistan","TJ","TJK","762","EUR",2024,42,35,111629,1,85,1,12480,10174,1,1002,882,1,382,382,0,,,"Район",66,66,66,2953,2953,3375,63071,75,3375,66,75
"Thailand","TH","THA","764","SEA",2022,42,424,577397,,,,,,,,,,,,,,,"",,,,,,,,,,,
"Thailand","TH","THA","764","SEA",2023,42,612,603951,1,2441,1,440708,193497,0,,,1,274277,274277,1,,44,"district",878,878,185,9849,,,864000,167,,873,170
"Thailand","TH","THA","764","SEA",2024,42,695,720623,1,3179,1,449209,219447,0,,,1,274277,274277,1,,1178,"district",878,878,227,9905,,,872640,211,,878,216
"Timor-Leste","TL","TLS","626","SEA",2022,44,,,,,,,,,,,,,,,,,"",,,,,,,,,,,
"Timor-Leste","TL","TLS","626","SEA",2023,44,0,,0,,,,,,,,,,,,,,"",,,,,,,,,,,
"Timor-Leste","TL","TLS","626","SEA",2024,44,,,0,,,,,,,,,,,,,,"",,,,,,,,,,,
"Togo","TG","TGO","768","AFR",2022,43,,,,,,,,,,,,,,,,,"",,,,,,,,,,,
"Togo","TG","TGO","768","AFR",2023,0,,,1,29,,,,,,,,,,,,,"",,,,,,,,,,,
"Togo","TG","TGO","768","AFR",2024,44,,,1,53,,,,,,,,,,,,,"",,,,,,,,,,,
"Tokelau","TK","TKL","772","WPR",2022,,,,,,,,,,,,,,,,,,"",,,,,,,,,,,
"Tokelau","TK","TKL","772","WPR",2023,42,,,0,,,,,,,,,,,,,,"",,,,,,,,,,,
"Tokelau","TK","TKL","772","WPR",2024,,,,,,,,,,,,,,,,,,"",,,,,,,,,,,
"Tonga","TO","TON","776","WPR",2022,42,,,,,,,,,,,,,,,,,"",,,,,,,,,,,
"Tonga","TO","TON","776","WPR",2023,42,,,0,,,,,,,,,,,,,,"",,,,,,,,,,,
"Tonga","TO","TON","776","WPR",2024,,,,,,,,,,,,,,,,,,"",,,,,,,,,,,
"Trinidad and Tobago","TT","TTO","780","AMR",2022,0,,,,21,,,,,,,,,,,,,"",,,,,,,,,,,
"Trinidad and Tobago","TT","TTO","780","AMR",2023,0,,,1,12,,,,,,,,,,,,,"",,,,,,,,,,,
"Trinidad and Tobago","TT","TTO","780","AMR",2024,0,,,1,21,,,,,,,,,,,,,"",,,,,,,,,,,
"Tunisia","TN","TUN","788","EMR",2022,0,,,,,,,,,,,,,,,,,"",,,,,,,,,,,
"Tunisia","TN","TUN","788","EMR",2023,0,,,0,,,,,,,,,,,,,,"",,,,,,,,,,,
"Tunisia","TN","TUN","788","EMR",2024,,,,,,,,,,,,,,,,,,"",,,,,,,,,,,
"Türkiye","TR","TUR","792","EUR",2022,42,112,1327088,1,156,,,,,,,,,,,,,"",,,,,,,,,,,
"Türkiye","TR","TUR","792","EUR",2023,42,96,1381671,1,178,,,,,,,,,,,,,"",,,,,,,,,,,
"Türkiye","TR","TUR","792","EUR",2024,42,114,1444786,1,181,,,,,,,,,,,,,"",,,,,,,,,,,
"Turkmenistan","TM","TKM","795","EUR",2022,42,0,2060,,,,,,,,,,,,,,,"",,,,,,,,,,,
"Turkmenistan","TM","TKM","795","EUR",2023,42,,,0,,,,,,,,,,,,,,"",,,,,,,,,,,
"Turkmenistan","TM","TKM","795","EUR",2024,0,17,530,,,,,,,,,,,,,,,"",,,,,,,,,,,
"Turks and Caicos Islands","TC","TCA","796","AMR",2022,,,,,,,,,,,,,,,,,,"",,,,,,,,,,,
"Turks and Caicos Islands","TC","TCA","796","AMR",2023,42,,,0,,,,,,,,,,,,,,"",,,,,,,,,,,
"Turks and Caicos Islands","TC","TCA","796","AMR",2024,,,,,,,,,,,,,,,,,,"",,,,,,,,,,,
"Tuvalu","TV","TUV","798","WPR",2022,0,,,,,,,,,,,,,,,,,"",,,,,,,,,,,
"Tuvalu","TV","TUV","798","WPR",2023,42,,,0,,,,,,,,,,,,,,"",,,,,,,,,,,
"Tuvalu","TV","TUV","798","WPR",2024,,,,,,,,,,,,,,,,,,"",,,,,,,,,,,
"Uganda","UG","UGA","800","AFR",2022,43,270,184354,,,,,,,,,,,,,,,"",,,,,,,,,,,
"Uganda","UG","UGA","800","AFR",2023,43,198,156331,1,1617,1,1408524,1296160,1,132297,131968,0,,,0,,,"District",146,60,0,6398,3021,1401211,1328250,265,692075,146,
"Uganda","UG","UGA","800","AFR",2024,43,195,185354,1,1287,1,1410893,1374018,1,124707,124687,1,78866,,0,,,"district",146,65,0,8483,2454,1206447,1506750,196,976003,146,
"Ukraine","UA","UKR","804","EUR",2022,42,175,507363,1,362,,,,,,,,,,,,,"",,,,,,,,,,,
"Ukraine","UA","UKR","804","EUR",2023,42,156,488145,1,526,1,119697,95373,1,11771,11472,1,42420,40723,1,49496,30949,"Область (регіон)",25,25,25,842,842,111723,830480,336,84803,25,270
"Ukraine","UA","UKR","804","EUR",2024,42,166,469404,1,385,1,118701,10799,1,8803,7678,1,39733,38541,1,41857,29736,"Область (регіон)",25,25,25,1205,1205,134304,134304,206,134304,25,223
"United Arab Emirates","AE","ARE","784","EMR",2022,44,,,,,,,,,,,,,,,,,"",,,,,,,,,,,
"United Arab Emirates","AE","ARE","784","EMR",2023,44,,,1,1,,,,,,,,,,,,,"",,,,,,,,,,,
"United Arab Emirates","AE","ARE","784","EMR",2024,44,,,1,2,,,,,,,,,,,,,"",,,,,,,,,,,
"United Kingdom of Great Britain and Northern Ireland","GB","GBR","826","EUR",2022,42,,,1,21,,,,,,,,,,,,,"",,,,,,,,,,,
"United Kingdom of Great Britain and Northern Ireland","GB","GBR","826","EUR",2023,42,,,1,20,,,,,,,,,,,,,"",,,,,,,,,,,
"United Kingdom of Great Britain and Northern Ireland","GB","GBR","826","EUR",2024,42,,,1,38,,,,,,,,,,,,,"",,,,,,,,,,,
"United Republic of Tanzania","TZ","TZA","834","AFR",2022,42,220,99703,,,,,,,,,,,,,,,"",,,,,,,,,,,
"United Republic of Tanzania","TZ","TZA","834","AFR",2023,42,332,126925,1,449,1,1700000,981912,1,167713,167713,0,,,0,,,"TB and Leprosy District",221,221,221,9257,9257,839575,1178496,279,252929,221,
"United Republic of Tanzania","TZ","TZA","834","AFR",2024,42,519,126925,1,562,1,1577678,1407328,1,139983,139983,0,,,0,,,"TB and Leprosy District",221,221,221,9693,9693,749879,1142064,59,338928,221,
"United States of America","US","USA","840","AMR",2022,42,,,,259,,,,,,,,,,,,,"",,,,,,,,,,,
"United States of America","US","USA","840","AMR",2023,42,,,1,294,,,,,,,,,,,,,"",,,,,,,,,,,
"United States of America","US","USA","840","AMR",2024,,,,,,,,,,,,,,,,,,"",,,,,,,,,,,
"Uruguay","UY","URY","858","AMR",2022,42,19,58968,,120,,,,,,,,,,,,,"",,,,,,,,,,,
"Uruguay","UY","URY","858","AMR",2023,42,18,58968,1,154,0,,,0,,,1,14965,8683,0,,,"Departamento",19,19,,,,,63360,,,,
"Uruguay","UY","URY","858","AMR",2024,42,16,107871,1,134,0,,,0,,,1,15767,10999,0,,,"Centro periferico",47,47,47,,,,,,,,
"Uzbekistan","UZ","UZB","860","EUR",2022,,,,,,,,,,,,,,,,,,"",,,,,,,,,,,
"Uzbekistan","UZ","UZB","860","EUR",2023,0,11,401700,0,,0,,,0,,,0,,,0,,,"район-Небольшая административно-территориальная ед",208,208,208,378,95,15499,10496,95,10496,208,97
"Uzbekistan","UZ","UZB","860","EUR",2024,,,,,,,,,,,,,,,,,,"",,,,,,,,,,,
"Vanuatu","VU","VUT","548","WPR",2022,44,0,300,,,,,,,,,,,,,,,"",,,,,,,,,,,
"Vanuatu","VU","VUT","548","WPR",2023,42,0,500,0,,,,,,,,,,,,,,"",,,,,,,,,,,
"Vanuatu","VU","VUT","548","WPR",2024,44,,,1,0,,,,,,,,,,,,,"",,,,,,,,,,,
"Venezuela (Bolivarian Republic of)","VE","VEN","862","AMR",2022,44,174,255000,,1196,,,,,,,,,,,,,"",,,,,,,,,,,
"Venezuela (Bolivarian Republic of)","VE","VEN","862","AMR",2023,44,165,150000,1,817,1,72917,69000,1,7324,5126,1,,13661,1,,156,"AREA DE SALUD INTEGRAL COMUNITARIA",576,576,25,1222,1222,75950,33000,25,14913,498,23
"Venezuela (Bolivarian Republic of)","VE","VEN","862","AMR",2024,44,205,943000,1,1059,1,86250,7231,1,7334,6899,1,60200,20103,0,,,"AREA DE SALUD INTEGRAL COMUNITARIA",576,345,32,1222,1222,82798,33000,27,22428,490,26
"Viet Nam","VN","VNM","704","WPR",2022,44,,,,,,,,,,,,,,,,,"",,,,,,,,,,,
"Viet Nam","VN","VNM","704","WPR",2023,44,,,1,1371,1,234220,,1,13455,,1,,157534,0,,,"Basic Management Unit",705,427,185,,,1252571,594300,185,452279,705,
"Viet Nam","VN","VNM","704","WPR",2024,44,,,1,1329,1,184222,,1,13351,,1,175626,171676,0,,,"Basic Management Unit",696,696,211,705,,1304110,517632,196,,696,
"Wallis and Futuna","WF","WLF","876","WPR",2022,,,,,,,,,,,,,,,,,,"",,,,,,,,,,,
"Wallis and Futuna","WF","WLF","876","WPR",2023,,,,,,,,,,,,,,,,,,"",,,,,,,,,,,
"Wallis and Futuna","WF","WLF","876","WPR",2024,,,,,,,,,,,,,,,,,,"",,,,,,,,,,,
"Yemen","YE","YEM","887","EMR",2022,0,1,700,,,,,,,,,,,,,,,"",,,,,,,,,,,
"Yemen","YE","YEM","887","EMR",2023,0,,,1,4,,,,,,,,,,,,,"",,,,,,,,,,,
"Yemen","YE","YEM","887","EMR",2024,0,,,0,,,,,,,,,,,,,,"",,,,,,,,,,,
"Zambia","ZM","ZMB","894","AFR",2022,43,267,,,,,,,,,,,,,,,,"",,,,,,,,,,,
"Zambia","ZM","ZMB","894","AFR",2023,43,329,,1,504,1,1273804,1211202,1,123948,95058,1,65408,48228,1,98529,74907,"basic management Unit",116,80,116,2922,2922,504351,869760,332,446820,116,302
"Zambia","ZM","ZMB","894","AFR",2024,43,210,,1,353,1,1312876,1070145,1,116214,107551,1,41179,40898,1,,80039,"District",116,59,116,2922,2922,745264,869760,361,641476,116,331
"Zimbabwe","ZW","ZWE","716","AFR",2022,0,497,52000,,,,,,,,,,,,,,,"",,,,,,,,,,,
"Zimbabwe","ZW","ZWE","716","AFR",2023,42,947,66000,0,,0,,,0,,,0,,,1,500000,40047,"District",65,,,1727,1727,58939,622080,,46340,,
"Zimbabwe","ZW","ZWE","716","AFR",2024,0,1879,47412,1,206,1,1302452,59185,1,68634,,1,,49909,1,,83697,"District (secondary  level )",65,15,65,1848,1848,156230,967296,173,140748,20,173
